CGPA,Attendance,Internship,Coding,Aptitude,Communication,Placement
6.87,59.26,0,77.09,70.04,57.55,0
9.75,77.1,0,85.77,86.38,63.14,1
8.66,93.65,1,47.53,83.21,89.82,1
7.99,86.61,0,73.74,40.77,53.8,1
5.78,90.33,0,70.02,40.45,90.88,0
5.78,82.94,1,88.3,48.77,36.17,0
5.29,84.61,1,93.43,55.28,84.38,0
9.33,92.46,1,30.85,58.59,89.33,0
8.01,62.48,0,77.18,77.58,42.73,1
8.54,74.47,1,33.63,33.97,60.12,0
5.1,61.06,0,68.42,32.43,41.58,0
9.85,99.38,0,50.13,57.43,79.46,0
9.16,97.2,1,51.47,78.8,67.47,1
6.06,51.97,0,54.71,43.54,74.47,0
5.91,85.28,1,73.49,74.91,43.75,1
5.92,96.26,1,53.38,48.19,44.82,0
6.52,59.03,0,81.29,92.03,32.9,0
7.62,78.4,1,58.32,92.7,52.54,1
7.16,95.77,0,34.78,50.81,69.18,0
6.46,51.7,1,84.86,46.1,90.06,0
8.06,84.87,1,50.0,58.79,76.68,1
5.7,64.87,1,60.29,46.84,60.48,0
6.46,96.22,1,77.98,77.07,96.72,1
6.83,98.55,0,53.27,87.82,80.35,0
7.28,97.21,1,33.96,77.12,95.11,0
8.93,73.71,0,56.17,87.7,66.93,0
6.0,93.1,1,96.11,57.79,48.12,0
7.57,92.23,1,74.92,40.94,33.7,1
7.96,65.96,0,77.0,81.66,80.83,1
5.23,91.45,1,74.26,55.23,38.49,0
8.04,51.85,0,43.93,76.99,51.19,0
5.85,79.81,1,59.28,48.95,67.27,0
5.33,61.5,1,82.57,35.69,69.51,0
9.74,56.03,1,37.1,99.48,72.04,0
9.83,53.85,1,49.45,40.93,41.64,0
9.04,84.81,0,49.34,99.19,56.58,0
6.52,66.99,0,60.24,98.41,73.2,0
5.49,86.24,0,98.63,85.57,97.89,0
8.42,53.27,0,34.73,76.16,80.93,0
7.2,65.76,0,66.31,70.45,94.58,0
5.61,76.97,1,42.56,90.63,83.35,0
7.48,89.54,1,97.95,50.26,71.42,1
5.17,65.94,1,37.93,62.74,43.44,0
9.55,81.29,0,58.25,73.36,76.67,1
6.29,94.3,1,81.65,58.78,73.64,0
8.31,80.79,1,79.32,59.92,72.17,1
6.56,61.65,0,59.59,53.12,64.29,0
7.6,51.22,1,54.26,69.5,67.01,0
7.73,93.5,1,57.83,89.54,53.41,1
5.92,51.06,0,48.5,44.11,66.35,0
9.85,93.74,1,44.37,95.41,43.83,1
8.88,76.45,1,63.81,78.24,86.36,1
9.7,96.95,0,48.8,87.63,43.0,0
9.47,89.94,1,50.12,68.93,35.95,1
7.99,99.9,1,75.97,84.57,60.54,1
9.61,67.54,1,97.8,31.13,76.08,1
5.44,88.36,1,72.25,87.29,60.64,1
5.98,70.1,1,35.39,32.81,49.37,0
5.23,73.99,1,35.29,92.29,69.07,0
6.63,81.38,1,96.6,99.44,54.29,1
6.94,93.68,0,50.81,50.58,95.3,0
6.36,99.2,1,36.44,44.72,94.59,0
9.14,88.41,1,71.93,83.58,65.17,1
6.78,70.89,1,73.66,47.71,52.95,0
6.4,71.07,0,75.4,90.59,81.6,0
7.71,86.88,1,48.72,37.2,32.57,0
5.7,61.94,0,31.06,38.82,63.23,0
9.01,55.52,0,97.55,98.54,53.54,1
5.37,67.73,0,47.56,77.17,94.44,0
9.93,64.36,0,77.32,89.28,30.84,1
8.86,64.82,1,79.46,52.7,68.7,1
5.99,61.68,1,72.7,77.35,81.85,0
5.03,52.1,0,51.9,71.6,63.95,0
9.08,50.89,1,48.98,72.22,35.98,0
8.53,99.39,1,71.84,77.78,98.07,1
8.65,71.39,1,90.63,70.28,66.26,1
8.86,69.22,0,96.27,60.03,72.99,0
5.37,83.98,1,37.41,49.31,46.56,0
6.79,60.91,1,40.84,83.8,63.84,0
5.58,97.5,1,96.13,45.84,60.04,0
9.32,89.32,0,81.56,78.46,35.24,1
8.12,54.47,0,91.81,46.33,37.43,0
6.65,70.88,1,44.18,73.77,88.62,0
5.32,93.96,1,71.13,82.3,46.79,1
6.55,97.24,1,79.08,45.31,43.65,1
6.63,73.37,1,77.61,34.2,65.34,0
8.65,80.67,0,58.57,39.17,83.81,0
8.19,58.35,1,31.08,72.42,34.34,0
9.44,99.56,1,70.8,89.46,70.38,1
7.36,61.58,0,47.72,33.15,38.34,0
5.6,97.14,1,61.52,81.39,32.55,0
8.57,82.48,1,97.03,53.89,33.69,1
8.8,80.39,0,57.93,63.5,88.39,0
7.81,75.63,1,88.79,95.02,38.26,1
8.85,61.53,0,43.2,53.24,33.16,0
7.47,58.83,1,77.07,62.57,60.65,0
7.61,61.02,1,98.39,30.96,89.08,1
7.14,59.32,1,37.13,35.71,48.37,0
5.13,88.98,1,30.58,48.1,59.52,0
5.54,67.51,0,60.35,31.95,32.79,0
5.16,52.89,1,36.48,74.2,61.44,0
8.18,98.46,1,82.39,59.85,70.43,1
6.57,94.19,0,94.02,68.37,69.96,0
7.54,96.39,1,60.38,42.23,53.27,1
9.54,99.75,1,48.11,50.72,52.09,0
6.25,58.69,0,60.41,76.47,37.46,0
7.05,69.81,1,80.64,97.57,55.68,1
8.78,87.91,1,30.63,33.53,36.96,0
6.14,84.8,0,71.26,92.33,83.66,0
5.38,57.69,1,72.93,70.38,97.64,0
6.45,90.79,0,74.64,69.47,97.91,0
5.81,61.22,0,46.94,65.02,90.55,0
9.65,61.19,0,79.98,34.86,72.06,0
9.04,76.85,1,36.4,36.29,79.06,0
8.17,79.65,1,43.95,72.06,49.96,1
9.36,79.0,0,91.42,53.87,74.15,1
9.02,54.57,1,81.71,94.21,61.9,1
5.93,93.87,1,30.96,58.46,63.74,0
9.46,63.28,0,47.39,40.03,83.04,0
7.7,56.48,1,45.01,80.03,49.73,0
9.04,94.44,1,48.96,50.53,52.26,0
9.48,97.78,1,47.33,66.78,94.72,0
6.59,93.11,1,34.38,78.85,33.94,0
5.55,90.48,1,62.13,93.02,63.99,0
6.14,82.76,1,81.29,85.45,93.9,1
7.14,77.54,1,72.47,77.35,72.73,1
9.09,54.35,1,77.1,77.57,68.25,1
9.3,70.42,0,35.68,96.21,47.48,0
5.03,68.63,1,96.6,50.71,54.03,0
7.55,62.99,1,88.69,30.08,89.64,1
7.09,86.17,0,86.36,49.04,69.15,0
6.11,74.79,0,87.61,45.25,66.03,0
5.6,54.05,1,95.29,76.33,36.97,0
6.69,61.01,1,68.1,74.36,31.12,0
9.71,84.16,1,44.02,71.54,97.46,1
6.62,53.81,1,73.17,31.14,56.39,0
7.59,92.56,0,82.0,81.01,72.22,1
8.52,74.76,1,81.65,52.65,35.58,1
6.82,74.03,0,66.5,76.55,77.82,0
9.86,79.62,1,34.79,68.96,95.28,0
9.81,91.23,1,55.98,53.99,70.3,1
6.26,67.39,1,94.45,39.42,38.83,0
7.49,83.9,1,70.91,36.61,70.72,1
6.5,78.29,0,67.68,88.21,83.64,0
6.42,63.35,1,48.82,94.29,58.45,0
5.18,93.93,1,55.79,75.49,91.59,0
8.05,89.87,1,92.67,37.24,75.41,1
7.51,82.92,0,76.65,58.14,92.95,1
5.26,92.53,1,85.12,81.03,73.65,1
6.39,93.36,1,61.8,84.59,39.19,0
9.54,85.42,0,74.12,38.28,51.68,1
6.2,91.85,0,47.39,30.0,44.13,0
5.72,84.87,1,79.38,79.85,93.62,1
7.45,84.01,1,59.93,54.96,83.23,0
9.93,80.93,0,60.98,47.81,77.35,0
6.21,87.64,0,75.45,30.9,51.07,0
8.36,57.93,0,95.54,67.82,42.88,0
8.81,94.04,0,34.48,89.58,82.95,0
6.19,93.59,1,87.73,97.03,63.19,1
8.64,51.46,1,50.47,69.6,45.81,0
6.84,91.29,1,61.07,66.01,73.16,0
8.16,56.44,1,31.53,35.95,32.82,0
8.17,66.76,0,51.07,68.42,52.83,0
7.68,87.18,1,65.18,56.6,62.8,1
5.45,58.04,1,33.93,72.5,40.36,0
9.18,90.9,1,64.38,57.21,98.93,1
6.6,91.61,1,94.9,46.82,44.64,1
5.93,75.37,0,37.38,36.65,39.12,0
5.2,50.32,1,83.51,52.04,44.25,0
7.95,64.35,0,58.68,36.77,83.83,0
8.39,80.85,1,75.86,42.38,59.79,1
5.08,99.06,0,48.22,99.11,69.58,0
7.56,81.59,0,41.16,61.09,31.47,0
6.13,62.99,1,41.23,67.23,32.41,0
8.23,81.7,0,34.93,91.15,61.21,0
5.87,77.0,1,43.0,99.69,87.17,0
8.45,88.99,0,76.5,70.79,91.97,1
6.93,55.35,1,91.72,86.87,36.07,1
9.68,88.05,1,86.99,52.89,67.69,1
5.69,77.06,1,77.96,51.4,93.93,0
6.71,98.15,0,37.73,58.19,57.16,0
5.57,67.09,0,50.24,77.08,88.07,0
9.62,81.63,0,51.69,77.75,39.36,1
9.39,96.6,0,47.5,52.07,95.48,0
6.29,55.13,1,66.05,39.32,82.6,0
8.3,96.86,1,67.49,74.27,95.89,1
9.09,84.39,1,54.98,38.98,77.36,1
7.78,53.39,1,54.77,70.49,55.44,1
7.65,65.05,1,88.0,78.54,95.67,1
6.21,85.41,1,85.25,79.04,49.29,1
5.47,53.37,0,51.55,82.74,53.25,0
9.49,79.11,1,93.97,91.1,79.06,1
9.5,67.29,1,96.7,65.0,83.57,1
8.17,81.05,1,52.87,81.12,95.06,1
6.7,52.29,0,54.81,73.34,44.34,0
6.75,93.58,1,65.39,43.06,85.86,0
8.63,98.67,1,95.88,31.8,81.7,1
9.49,98.44,1,91.34,49.92,34.47,1
9.44,87.48,1,37.18,61.01,57.11,0
8.9,56.5,0,57.49,73.2,49.79,0
8.21,87.91,1,68.74,89.5,51.31,1
5.42,51.23,0,65.22,43.74,98.81,0
5.81,51.11,1,43.57,38.79,74.99,0
9.49,66.18,0,90.12,97.44,80.24,1
8.03,74.43,1,77.39,37.56,98.36,1
5.05,88.52,1,88.65,63.49,56.4,0
5.51,84.16,0,90.11,70.99,86.13,0
8.32,72.3,1,82.38,67.9,60.42,1
5.03,63.68,0,60.74,36.02,90.87,0
5.8,99.86,1,72.74,33.99,42.65,0
7.74,71.31,1,41.23,37.38,96.34,0
8.46,72.57,1,77.16,70.99,45.31,1
8.26,58.18,0,42.55,68.1,52.84,0
6.12,89.74,1,78.58,46.36,82.93,0
8.56,84.68,1,46.07,74.64,57.56,1
6.19,61.04,0,38.23,87.4,72.57,0
6.63,54.12,1,41.57,32.91,61.12,0
8.73,84.02,0,30.14,64.87,81.97,0
8.25,82.73,1,80.31,78.25,45.98,1
9.25,63.66,0,81.27,47.66,34.09,0
8.29,97.54,1,66.05,51.54,51.0,1
7.84,57.55,1,41.3,72.95,63.2,0
5.47,71.62,0,35.85,92.86,41.76,0
6.84,97.18,0,31.34,86.69,54.84,0
6.33,70.99,0,41.6,70.82,58.0,0
6.22,81.93,1,92.36,81.12,34.02,1
9.87,69.88,0,46.91,55.54,70.83,0
6.97,63.71,1,54.8,74.87,91.9,0
9.46,99.2,0,37.37,62.63,40.62,0
8.16,70.47,0,45.57,43.3,71.85,0
8.97,94.7,1,66.35,79.12,76.53,1
7.51,61.5,0,72.54,68.95,59.35,0
7.88,60.66,1,47.17,55.1,79.08,0
7.46,51.56,1,34.04,93.79,58.75,0
5.98,82.58,1,57.37,31.47,65.32,0
8.61,68.43,1,46.39,52.1,30.51,0
6.4,93.22,1,45.37,33.98,78.42,0
5.12,73.66,0,97.19,83.66,76.29,0
8.23,98.41,0,73.14,79.15,32.69,1
5.89,59.28,0,68.98,53.19,55.78,0
9.7,93.43,1,59.1,77.3,98.53,1
9.77,88.83,0,60.03,57.72,59.45,0
9.57,88.55,1,67.86,82.94,65.14,1
6.85,92.24,1,78.75,61.79,93.7,1
5.08,88.05,1,79.15,58.86,80.21,0
9.64,81.31,1,42.02,95.43,70.74,1
7.14,56.56,0,65.01,47.56,85.85,0
9.83,51.63,1,58.84,38.43,90.51,0
9.82,96.04,1,90.94,70.92,61.98,1
9.27,80.83,0,74.2,97.85,63.26,1
6.47,89.83,0,67.28,56.45,57.02,0
6.93,74.08,1,38.08,34.34,97.67,0
9.26,55.87,1,72.39,53.75,78.8,1
6.58,56.26,1,38.2,65.42,35.83,0
5.85,84.28,1,53.6,41.33,90.41,0
7.78,71.52,1,40.0,76.07,63.64,0
9.68,60.03,1,78.45,99.84,34.81,1
8.48,74.58,1,44.44,61.62,68.48,0
7.85,53.21,0,57.43,54.83,59.2,0
5.49,79.1,1,92.7,58.05,91.44,0
8.08,63.45,1,44.3,38.06,44.28,0
9.95,89.88,1,65.55,91.83,87.85,1
5.7,65.52,1,59.35,59.04,69.04,0
7.59,72.76,1,31.27,57.11,33.82,0
9.39,50.58,1,85.49,76.18,98.03,1
8.7,53.62,1,34.83,60.94,65.88,0
8.49,69.62,1,63.2,75.38,50.36,1
8.51,74.0,1,69.25,34.3,62.86,0
6.8,80.0,0,73.99,86.96,90.05,1
6.47,64.58,1,78.2,95.84,51.34,0
9.05,84.75,0,47.73,75.41,43.49,0
9.05,93.01,0,30.7,96.82,39.03,0
9.34,88.99,1,80.64,40.6,50.85,1
9.57,51.98,1,67.5,63.42,84.6,0
7.56,74.03,1,88.53,72.13,63.01,1
7.51,55.25,1,87.5,70.72,45.92,1
8.99,62.1,1,89.03,58.1,41.63,1
8.25,99.33,1,63.96,53.67,53.29,1
8.51,57.12,1,53.35,38.88,95.79,0
8.98,74.94,0,85.41,57.42,54.01,0
9.45,80.91,0,61.59,41.39,99.17,0
6.69,85.12,0,42.84,81.41,63.97,0
6.88,77.98,1,89.85,44.62,42.54,1
5.47,50.49,0,91.78,34.1,92.38,0
7.89,66.32,0,62.64,68.67,62.22,0
5.18,75.89,0,35.3,71.67,79.68,0
7.33,54.39,1,57.15,91.03,98.86,0
7.71,67.53,0,86.25,70.39,33.51,1
6.43,51.66,1,93.12,54.18,36.77,0
7.95,53.93,0,44.24,86.21,80.43,0
5.15,69.85,1,34.69,67.82,49.73,0
5.19,56.64,0,91.41,35.55,42.9,0
9.11,78.38,0,57.26,69.61,32.76,0
6.8,84.47,1,67.92,93.56,31.53,1
5.64,90.03,0,97.76,57.74,84.21,0
7.61,60.01,0,34.66,50.74,39.41,0
8.85,58.37,0,75.38,40.04,62.74,0
6.08,55.23,0,35.19,40.6,72.41,0
8.11,81.82,0,56.28,60.29,59.98,0
5.43,85.32,0,86.27,71.7,31.9,0
5.26,51.58,1,60.34,35.64,84.85,0
7.66,96.81,1,99.8,95.77,30.74,1
7.7,52.6,1,69.13,82.86,83.33,1
8.19,77.06,0,52.48,71.06,92.53,1
8.63,85.45,1,45.41,87.99,60.3,1
9.88,93.55,0,54.54,35.61,67.49,0
7.58,85.7,0,56.08,63.38,63.39,0
6.61,90.09,1,34.81,74.11,57.24,0
8.98,66.97,0,55.87,88.01,92.12,0
6.35,90.74,0,62.5,84.84,92.58,0
7.19,54.01,1,80.59,49.39,53.51,0
5.39,94.74,1,75.97,95.86,73.05,1
5.13,77.38,1,79.61,38.7,94.88,0
9.81,90.86,1,30.59,91.26,97.34,1
9.18,72.62,1,45.24,97.97,65.63,0
8.48,82.18,0,76.32,42.4,61.7,1
7.04,76.32,0,63.88,80.54,49.51,0
5.87,86.58,0,30.37,32.82,97.12,0
5.78,54.08,1,86.31,58.38,40.0,0
6.25,53.02,1,84.1,66.14,70.59,0
7.75,62.36,1,68.39,70.65,49.78,1
8.57,57.98,1,34.65,95.52,49.53,0
8.3,93.59,1,83.66,77.06,58.35,1
6.4,60.96,0,70.86,63.69,99.92,0
9.77,98.79,1,84.74,86.68,33.85,1
8.69,66.84,1,82.62,96.54,70.5,1
7.77,59.11,1,86.21,31.54,35.78,1
8.06,89.48,0,66.26,98.78,40.82,1
7.1,82.94,1,39.82,36.03,60.77,0
6.24,74.91,0,76.98,87.01,65.73,0
6.78,77.77,0,73.43,49.62,48.12,0
8.79,85.96,0,81.96,39.25,52.15,1
5.07,61.42,1,41.89,60.79,36.09,0
5.58,99.82,1,43.65,75.08,51.23,0
5.23,98.74,0,92.33,56.67,97.66,0
5.2,82.52,0,82.5,33.82,96.13,0
9.28,59.98,1,93.58,71.96,53.44,1
8.52,84.01,0,83.11,93.17,69.96,1
7.37,53.61,0,71.8,56.83,93.67,0
5.49,51.53,1,75.79,45.14,30.43,0
7.46,62.88,1,92.24,60.98,86.75,0
7.37,73.13,0,70.52,33.39,96.39,0
5.87,93.41,0,74.27,87.43,36.39,0
7.17,86.36,0,40.95,87.84,41.3,0
6.99,87.14,1,63.17,71.16,97.25,1
8.08,71.27,1,80.15,54.72,67.63,1
8.18,67.3,1,48.97,85.98,30.99,0
5.23,68.55,0,44.16,68.83,48.03,0
6.87,99.38,1,51.97,87.82,61.5,1
8.13,52.01,0,46.91,74.2,78.5,0
7.52,93.35,1,45.04,84.91,81.32,1
9.28,78.93,1,59.74,71.9,99.68,1
8.29,71.93,1,93.55,58.99,50.13,1
5.81,86.26,1,65.49,97.06,67.68,0
5.35,74.33,1,43.15,67.88,67.33,0
8.21,93.67,0,35.39,72.36,58.4,0
5.13,95.04,1,78.73,45.43,41.84,0
7.93,71.09,0,56.8,73.8,98.42,0
9.7,63.84,1,87.53,70.01,89.73,1
7.88,79.62,0,76.17,42.94,64.88,1
6.94,95.62,0,85.74,34.17,72.23,0
8.22,60.53,1,49.04,72.31,45.91,0
7.29,81.15,0,78.47,83.46,68.07,1
7.73,81.58,1,48.48,66.64,78.65,0
9.71,86.66,1,95.73,45.87,66.06,1
6.93,56.58,0,74.55,76.66,99.32,0
9.81,85.79,0,52.72,35.61,72.79,0
9.53,95.45,1,48.87,60.93,55.97,0
5.98,58.98,0,43.36,41.44,84.05,0
5.35,61.88,1,78.62,42.91,41.93,0
5.5,98.57,1,45.31,44.16,56.92,0
5.09,59.05,1,71.67,57.07,54.29,0
5.47,92.72,1,48.52,33.58,60.23,0
8.42,74.61,1,76.34,57.85,84.72,1
5.36,62.36,1,87.05,65.82,63.89,0
6.59,93.54,0,84.46,63.83,85.58,0
9.22,72.27,0,83.26,56.79,70.35,0
5.12,75.74,1,43.14,88.74,53.94,0
9.07,67.96,1,36.19,40.17,86.7,0
6.41,79.65,1,78.93,65.4,46.68,0
5.59,58.18,1,55.78,34.34,45.71,0
8.48,69.55,1,60.26,34.98,65.32,0
8.14,98.47,1,32.18,70.17,48.26,1
9.39,62.91,1,48.17,69.62,30.64,0
8.68,82.84,0,32.36,91.46,75.38,0
9.02,66.26,1,91.54,69.05,65.78,1
6.41,88.67,0,47.04,97.19,61.19,0
5.89,56.54,1,69.01,33.41,97.69,0
8.75,98.49,1,32.73,36.86,69.98,0
9.03,72.69,1,76.68,33.08,90.44,1
9.95,61.8,0,52.61,42.97,39.76,0
7.06,53.67,0,92.85,67.89,69.84,0
6.86,58.49,1,92.17,75.19,90.76,1
8.88,75.99,0,52.77,33.19,70.82,0
6.7,66.85,1,93.07,96.22,80.26,1
9.65,91.44,0,99.73,88.95,56.04,1
9.29,71.54,0,87.78,50.76,36.47,0
7.14,62.44,0,89.14,35.4,62.05,0
8.75,80.86,1,47.43,41.89,57.61,0
8.77,85.34,1,70.37,38.89,90.69,1
5.52,58.35,0,34.71,38.63,47.08,0
9.51,58.38,0,36.64,66.3,97.67,0
7.53,51.83,1,99.92,47.21,97.07,1
9.13,86.82,0,52.86,55.07,47.33,0
6.6,83.19,1,82.37,99.27,54.36,1
9.48,73.73,1,86.47,77.9,92.69,1
6.95,92.21,0,90.06,96.43,97.66,1
5.05,90.28,0,99.83,39.98,61.04,0
9.53,79.27,1,46.9,56.75,52.47,0
5.46,93.41,1,32.82,68.83,66.83,0
6.6,60.29,1,58.78,35.37,78.14,0
9.75,55.6,0,39.11,30.29,49.14,0
9.75,63.49,1,31.57,76.93,81.55,0
7.87,52.85,0,55.23,74.93,33.62,0
8.16,76.56,1,84.86,58.76,33.45,1
7.24,96.83,1,69.63,64.28,57.04,0
6.47,51.97,0,51.89,59.08,54.74,0
6.64,56.11,0,75.8,31.68,52.09,0
8.36,72.61,0,46.24,53.48,64.37,0
8.76,96.69,0,31.01,42.4,52.45,0
8.96,65.81,0,83.5,36.89,43.46,0
8.95,75.36,0,73.66,96.97,51.66,1
5.46,52.08,1,83.36,71.96,98.24,0
7.47,57.42,1,32.73,81.01,58.78,0
5.29,99.33,0,88.6,52.08,61.13,0
7.75,98.26,1,73.37,57.52,70.36,1
7.21,50.25,0,69.44,46.58,98.83,0
9.44,97.59,1,73.72,36.79,46.91,1
6.75,81.96,0,90.51,42.53,77.69,0
5.59,93.4,1,71.09,85.83,80.12,1
5.71,72.74,1,70.67,77.43,72.51,0
8.81,75.78,1,99.35,68.29,36.2,1
8.09,74.44,1,82.97,63.26,77.38,1
5.51,83.34,0,60.96,94.57,34.49,0
5.42,56.98,1,79.52,35.09,71.73,0
8.5,51.5,0,57.25,49.64,81.77,0
5.36,65.4,0,46.02,54.5,44.77,0
9.11,85.23,0,71.78,84.77,88.91,1
8.53,60.09,1,94.97,99.48,32.12,1
5.41,83.67,0,95.04,46.85,89.07,0
5.42,98.5,1,53.93,91.2,62.22,0
9.93,54.7,1,66.94,88.14,45.23,1
6.87,83.63,1,44.81,45.73,39.36,0
6.85,72.19,1,99.69,57.95,96.73,0
9.06,93.41,1,98.68,58.68,35.09,1
9.74,58.86,0,75.47,98.48,43.94,1
9.93,84.63,0,86.31,42.66,54.35,1
8.77,91.91,0,80.06,85.94,73.42,1
6.88,97.23,0,71.52,53.39,68.14,0
5.42,84.16,0,33.73,81.16,38.8,0
8.89,74.86,0,61.83,59.4,50.28,0
7.79,80.89,1,77.24,70.49,46.71,1
7.12,93.45,1,77.43,88.28,44.95,1
9.53,78.53,0,56.12,86.29,58.78,1
5.56,51.52,1,95.92,90.65,79.28,0
7.46,96.55,0,41.71,34.17,45.22,0
5.06,84.48,1,65.03,78.44,55.67,0
7.34,83.83,1,78.36,39.8,57.36,1
5.28,60.78,1,78.8,59.11,98.35,0
5.59,82.94,1,75.4,68.4,96.83,0
5.59,69.69,1,49.27,58.19,86.01,0
8.25,82.56,1,40.93,66.37,46.92,0
8.73,55.33,1,74.52,99.76,34.76,1
7.92,82.89,1,71.95,39.47,52.18,1
9.81,99.97,1,42.55,77.28,48.68,1
6.87,52.41,0,79.36,57.72,65.41,0
6.43,98.86,0,61.86,39.31,84.44,0
9.34,70.35,0,76.74,41.11,90.08,0
6.12,93.54,1,88.62,96.45,89.14,1
9.82,89.12,1,41.88,91.57,55.18,1
5.06,78.35,0,31.34,93.49,78.11,0
9.85,86.92,1,84.54,99.41,51.9,1
5.22,93.93,1,72.68,44.58,34.26,0
9.46,70.21,1,78.97,54.88,79.11,1
7.64,66.35,1,88.67,76.85,30.69,1
9.96,83.38,1,86.2,63.87,58.64,1
5.37,90.39,0,97.26,59.29,53.06,0
7.77,88.11,1,67.52,55.05,78.54,1
9.85,89.89,0,64.19,71.56,83.64,1
7.62,71.78,1,58.13,70.29,51.29,1
8.15,90.89,0,40.76,41.3,86.81,0
8.48,56.01,1,70.08,63.02,50.57,1
7.27,77.22,1,49.39,68.74,61.24,0
8.14,50.29,0,94.49,69.92,80.89,0
7.92,66.23,1,70.82,44.71,78.5,1
9.51,68.32,1,71.5,81.96,99.12,1
5.23,69.81,1,54.84,31.76,45.76,0
6.4,84.77,1,33.64,54.84,76.36,0
9.75,69.43,1,32.22,84.61,72.68,0
9.45,72.43,0,59.63,69.47,94.06,0
7.28,61.88,0,35.92,48.28,40.95,0
8.1,68.66,0,72.48,78.65,82.63,1
6.39,61.36,1,91.67,69.72,69.78,0
5.94,53.66,0,91.8,85.74,49.23,0
7.32,80.17,1,76.13,81.45,63.21,1
6.77,83.41,1,44.79,72.71,53.36,0
7.92,80.97,1,90.41,64.17,70.55,1
5.39,73.17,1,92.03,39.32,92.23,0
9.87,68.99,1,43.77,48.29,69.85,0
9.93,93.17,1,81.62,59.34,74.22,1
8.49,75.95,1,50.06,71.95,66.31,1
7.68,73.96,1,86.18,65.96,33.58,1
6.55,51.28,1,99.81,50.17,46.3,0
9.07,67.06,1,32.1,30.45,64.44,0
8.42,69.01,0,92.82,64.74,51.72,0
5.81,69.94,0,73.58,49.99,42.72,0
9.55,79.01,1,98.14,81.42,65.29,1
9.11,76.68,1,62.55,31.68,52.6,1
9.75,80.4,1,89.32,70.94,48.07,1
8.63,88.24,1,34.37,95.9,62.48,1
8.07,90.65,0,53.47,42.21,39.33,0
7.09,85.91,1,34.69,63.02,94.94,0
9.66,97.78,1,98.27,36.4,90.74,1
9.33,50.91,1,87.19,73.8,79.53,1
5.23,59.79,1,89.68,68.54,37.43,0
5.13,50.38,1,95.66,58.52,84.31,0
6.88,82.37,0,35.96,66.5,86.56,0
9.05,94.9,1,56.99,92.76,83.74,1
9.94,62.17,1,34.97,43.74,37.98,0
5.75,96.35,1,44.76,31.58,75.07,0
7.97,53.01,1,46.06,90.32,88.4,0
6.9,96.72,0,62.84,70.4,70.41,0
9.85,67.58,0,48.8,92.35,75.25,0
9.21,55.07,0,37.07,71.79,62.09,0
9.19,74.29,1,41.72,86.71,67.01,0
7.34,62.84,0,40.31,60.08,32.41,0
7.07,64.24,0,98.12,82.49,74.73,0
6.37,65.36,1,83.15,93.91,35.7,0
5.28,90.15,0,97.74,70.05,60.45,0
9.32,76.96,1,60.78,42.65,50.49,1
9.06,65.57,1,49.49,48.82,68.18,0
10.0,80.52,1,85.88,43.91,39.34,1
9.98,85.81,0,52.84,47.28,78.42,0
7.78,63.63,0,50.96,51.45,85.65,0
8.84,70.68,1,46.28,68.86,41.43,0
9.72,56.09,1,39.08,71.16,37.3,0
9.25,59.06,1,47.95,59.85,40.19,0
6.24,84.06,0,54.87,73.08,91.4,0
7.25,59.07,1,77.18,35.71,66.97,0
5.65,76.26,1,34.38,36.15,62.71,0
9.77,85.45,1,44.74,42.03,37.47,0
8.03,55.34,1,86.63,66.27,75.47,1
6.14,78.37,1,40.28,44.98,90.76,0
8.36,62.83,1,53.99,49.83,87.97,0
8.09,98.15,0,90.53,58.02,73.82,1
6.79,74.18,1,40.84,86.83,35.27,0
5.57,90.3,0,35.79,30.97,37.87,0
8.36,77.51,1,63.92,75.46,33.45,1
7.6,52.17,1,51.17,76.82,48.02,1
8.86,81.66,0,69.44,85.91,39.5,1
7.6,97.57,0,86.27,95.29,48.2,1
9.26,80.08,0,39.6,31.41,56.95,0
7.76,90.96,1,70.65,40.76,96.01,1
7.8,94.21,1,65.39,92.03,72.73,1
9.38,61.4,0,40.09,62.1,88.45,0
7.02,60.6,1,73.68,69.52,79.72,0
5.67,80.55,1,49.15,76.41,37.88,0
5.14,70.55,0,64.15,77.53,81.51,0
8.78,91.99,0,35.76,95.22,49.26,0
8.1,95.0,1,62.17,99.79,74.74,1
8.52,67.67,1,51.45,80.41,53.87,1
6.06,61.84,1,87.57,50.11,99.84,0
5.68,89.03,0,33.99,91.58,48.45,0
5.07,63.74,0,59.3,33.45,49.54,0
6.75,91.13,1,62.09,46.18,95.15,0
7.95,71.19,0,80.75,92.82,31.73,1
6.96,83.38,0,70.2,47.93,78.77,0
7.19,54.78,0,76.7,45.45,80.77,0
9.52,81.19,1,84.39,39.67,88.55,1
6.74,72.59,1,90.35,90.14,98.21,1
7.57,79.33,1,51.97,65.0,98.29,1
8.92,58.4,1,67.66,77.24,34.57,1
6.98,86.84,0,88.81,46.73,87.53,0
8.11,93.14,1,99.26,83.06,75.24,1
9.31,60.84,0,92.27,83.2,75.31,1
9.75,54.79,1,56.0,51.88,38.98,0
5.74,51.18,1,43.66,58.75,75.51,0
9.63,82.1,1,64.26,44.68,98.77,1
7.46,80.35,0,81.91,98.36,93.83,1
6.29,77.33,1,64.48,75.19,60.74,0
7.3,61.6,0,63.82,95.42,32.8,0
9.9,69.55,1,88.68,51.24,55.36,1
7.46,79.72,1,55.3,84.73,87.85,1
6.64,74.84,1,90.19,83.61,79.1,1
8.17,99.39,1,58.48,78.42,62.15,1
6.2,56.82,1,52.98,97.59,33.86,0
5.38,84.76,0,61.78,57.55,59.88,0
5.64,70.22,1,83.37,39.15,62.83,0
5.64,71.41,0,38.82,77.02,95.0,0
5.76,85.88,1,43.75,81.05,74.88,0
5.69,84.62,1,96.6,70.25,51.82,1
8.2,99.56,1,42.28,44.48,66.77,0
5.91,56.42,1,69.74,65.31,34.62,0
6.73,55.21,1,70.55,51.85,98.08,0
9.48,86.22,0,64.27,59.92,55.2,0
7.37,78.92,1,75.13,75.17,63.45,1
8.34,63.71,0,46.09,82.17,54.87,0
5.86,53.97,1,68.69,46.26,77.78,0
5.96,54.28,0,56.05,58.37,76.36,0
5.2,94.71,0,76.32,48.84,80.07,0
5.84,59.59,1,39.89,43.9,48.77,0
6.39,66.17,0,69.96,84.84,52.1,0
5.89,61.33,1,42.97,93.65,38.77,0
5.44,67.75,0,49.51,55.92,75.89,0
5.6,53.47,0,45.31,82.59,32.79,0
7.3,75.95,1,42.8,92.79,71.84,0
6.03,53.38,0,87.8,89.23,90.88,0
6.82,90.02,0,50.0,42.8,92.36,0
7.52,61.69,1,94.9,96.94,61.43,1
8.45,77.0,0,97.89,56.37,62.15,1
5.2,94.0,1,69.99,53.75,35.39,0
9.0,82.54,0,40.01,34.37,76.95,0
8.14,76.65,0,56.22,64.03,87.49,0
5.41,66.22,1,85.84,37.63,47.13,0
9.37,66.65,0,55.72,47.4,59.49,0
9.6,83.47,0,36.09,52.19,88.72,0
5.31,99.71,0,68.97,86.62,91.4,0
6.38,83.09,0,89.16,91.28,47.02,0
9.03,77.89,1,85.71,51.17,68.54,1
8.74,86.53,0,42.26,90.11,43.47,0
5.92,73.26,1,77.09,90.01,37.13,0
6.05,53.01,1,45.44,83.53,93.78,0
6.85,78.11,1,45.27,40.27,87.44,0
7.42,97.88,1,91.19,78.32,83.2,1
8.09,58.77,0,47.48,96.15,33.41,0
6.84,84.5,1,48.43,77.78,89.06,0
7.31,60.05,0,30.05,53.21,60.66,0
8.74,76.79,1,90.95,65.04,53.97,1
5.18,54.83,1,85.48,75.2,68.25,0
6.26,72.52,0,73.91,65.74,36.39,0
8.57,87.81,1,82.52,38.4,82.97,1
9.48,67.38,1,40.64,51.84,70.77,0
7.56,83.25,0,62.08,86.17,43.06,1
7.66,89.77,0,54.59,90.3,43.18,1
5.54,96.36,1,36.56,39.61,42.9,0
7.24,61.73,1,64.03,96.67,33.99,0
7.66,69.97,1,94.45,53.02,71.15,1
6.21,57.62,1,32.8,76.36,88.82,0
6.35,99.62,1,50.4,82.63,31.22,0
6.89,96.35,1,44.53,86.84,33.43,0
5.1,77.0,0,46.67,96.2,70.09,0
6.61,92.1,0,93.59,51.9,87.36,0
6.06,76.05,1,62.76,90.1,52.87,0
6.64,81.18,1,62.64,39.22,54.47,0
5.6,54.46,0,83.24,79.35,71.74,0
9.45,87.76,0,40.81,81.94,49.19,0
7.97,56.39,1,64.11,77.44,31.86,1
8.4,91.3,1,60.1,47.66,81.47,1
8.95,89.1,1,71.78,91.11,73.8,1
7.49,85.44,1,99.97,41.82,70.65,1
5.43,51.81,0,83.86,33.75,81.92,0
7.69,65.16,0,57.85,80.22,77.27,0
7.93,63.16,0,87.93,63.28,44.41,0
8.73,68.01,0,41.95,89.44,54.67,0
7.16,54.38,1,32.13,56.84,38.83,0
5.64,96.85,1,44.31,41.78,39.09,0
6.42,77.69,1,53.83,88.55,77.33,0
6.82,65.28,1,65.74,68.42,90.1,0
8.23,69.85,0,73.06,43.24,97.39,0
7.85,72.36,1,93.74,80.43,73.98,1
6.78,80.03,1,65.69,65.78,42.89,0
9.93,75.78,1,65.09,72.3,37.4,1
8.03,95.97,0,33.52,62.26,86.9,0
6.19,74.85,1,32.44,88.01,70.51,0
5.51,99.61,1,68.58,88.07,73.28,0
5.76,92.57,0,60.67,79.66,84.7,0
6.23,60.43,0,88.74,37.38,79.23,0
5.8,96.53,1,41.25,88.72,88.41,0
5.93,55.82,1,31.75,76.97,33.93,0
6.43,90.87,0,61.43,78.79,82.33,0
5.87,69.03,1,46.62,55.41,89.56,0
9.48,93.9,0,33.47,91.55,50.03,0
5.4,93.4,1,80.72,80.78,74.83,1
7.62,90.3,0,37.81,37.88,51.99,0
7.05,89.5,1,72.58,58.54,97.06,1
9.91,65.23,0,49.67,92.05,32.34,0
5.56,54.05,0,42.14,33.3,70.59,0
6.99,70.15,0,56.58,97.3,41.66,0
9.85,58.68,0,86.1,77.54,79.86,1
9.33,84.75,1,57.45,74.2,42.31,1
9.09,67.3,0,82.55,48.94,46.48,0
6.29,98.78,1,38.78,47.42,64.61,0
5.85,82.05,0,84.09,95.94,94.04,0
8.34,91.12,0,46.59,50.88,44.82,0
9.65,56.63,0,77.42,84.29,40.1,1
7.78,93.1,0,69.6,57.52,83.13,0
7.86,96.14,0,95.04,39.75,65.04,1
6.4,74.35,1,57.11,30.75,93.82,0
8.85,80.31,1,34.63,68.1,40.26,0
5.94,88.24,1,31.34,98.3,75.21,0
6.62,58.74,1,87.88,55.84,46.3,0
7.13,75.13,1,66.73,55.0,40.97,0
7.54,69.93,0,84.27,54.09,77.84,0
6.21,57.32,1,46.41,66.44,71.56,0
5.57,68.38,1,54.16,60.85,82.84,0
8.05,53.41,1,32.11,91.59,51.66,0
6.44,51.29,1,97.3,65.39,61.36,0
7.91,56.76,0,76.75,65.54,58.38,0
5.77,98.16,1,95.32,39.69,98.89,0
7.41,77.48,1,48.58,98.79,50.46,0
7.66,98.29,1,72.8,47.5,50.64,1
5.26,71.62,1,77.49,35.14,54.82,0
6.68,65.59,0,52.23,76.42,69.52,0
5.67,75.31,0,89.37,71.68,47.66,0
5.32,71.98,1,96.3,59.06,94.07,0
9.95,55.28,1,91.94,59.55,48.6,1
6.61,82.04,0,81.73,84.95,92.71,1
9.05,60.8,0,49.42,43.7,37.24,0
6.27,80.98,0,49.71,87.42,75.96,0
8.41,82.51,0,97.44,75.41,93.49,1
8.8,57.6,1,30.72,59.33,41.81,0
7.98,53.07,1,80.12,62.06,97.78,1
7.36,89.04,0,79.44,47.97,61.7,0
7.06,72.99,0,73.59,82.65,96.2,0
6.74,52.91,0,99.31,65.9,77.38,0
9.65,99.74,0,51.83,52.46,51.11,0
9.15,52.89,1,53.8,71.72,43.18,1
9.83,84.75,1,35.53,99.7,51.26,1
5.62,99.18,1,61.0,60.47,36.51,0
8.65,61.96,0,48.27,94.45,40.07,0
9.69,57.11,1,54.04,54.15,37.33,0
5.91,56.07,1,88.42,33.83,59.61,0
5.33,65.16,1,95.48,44.3,85.69,0
8.71,55.05,1,43.0,59.31,39.9,0
7.87,84.61,0,56.08,45.37,39.12,0
9.21,53.11,0,95.0,30.02,75.04,0
5.7,75.47,0,34.33,94.05,43.8,0
8.98,99.83,0,36.47,89.07,36.83,0
6.01,90.7,0,41.4,81.96,41.68,0
5.82,80.76,1,71.66,41.75,94.66,0
5.82,65.31,1,40.53,38.43,87.5,0
9.07,81.19,1,97.77,34.73,54.78,1
8.33,76.35,0,61.27,80.68,75.91,1
7.62,71.3,1,65.11,95.02,67.61,1
6.79,56.54,1,47.27,60.14,77.4,0
9.39,94.33,1,62.97,38.34,77.79,1
6.96,72.49,1,76.33,65.87,74.01,0
9.08,59.73,1,82.58,54.42,48.63,1
7.2,68.39,1,82.77,56.24,32.73,0
6.88,70.71,0,70.45,73.49,61.89,0
7.31,91.38,0,93.31,80.31,92.37,1
6.51,86.68,0,87.22,37.74,69.86,0
8.74,88.47,0,82.99,32.49,88.27,1
7.51,50.55,0,33.89,99.6,99.41,0
6.16,70.81,1,30.48,46.29,41.45,0
9.5,74.07,1,44.87,33.77,78.42,0
6.92,50.96,1,76.45,43.29,77.2,0
7.72,62.99,0,58.78,32.73,98.6,0
9.53,88.01,1,58.17,57.43,98.99,1
8.12,56.86,1,91.92,86.17,78.07,1
5.58,76.77,0,92.69,53.89,47.05,0
9.7,60.76,1,93.64,61.09,85.9,1
8.14,50.61,0,51.97,77.29,37.49,0
6.67,62.06,0,78.37,65.62,84.65,0
5.7,98.79,1,49.01,90.3,93.71,0
8.97,90.08,0,43.34,90.62,56.8,0
8.1,97.98,1,42.92,30.69,74.14,0
7.67,74.39,1,53.95,84.46,60.11,1
9.47,55.49,1,60.1,62.25,60.64,0
8.94,77.4,0,88.17,99.22,51.73,1
5.76,72.72,0,38.39,63.83,83.35,0
6.56,92.22,0,81.44,99.08,95.53,1
6.24,54.9,1,67.2,82.82,95.85,0
8.72,74.41,1,50.16,47.4,42.23,0
5.17,57.5,0,64.5,67.69,91.23,0
7.85,66.23,1,51.0,99.45,81.62,1
8.81,86.87,1,71.73,90.03,47.7,1
9.38,73.8,0,60.37,36.82,34.71,0
6.71,68.79,1,41.51,79.45,48.76,0
9.11,69.72,1,38.16,54.19,93.85,0
5.55,72.97,0,68.27,30.49,74.32,0
9.23,89.25,0,93.17,58.24,80.47,1
5.64,94.6,1,54.08,46.43,48.0,0
6.99,97.77,1,81.31,87.32,80.36,1
8.99,89.35,1,76.11,53.61,31.97,1
5.75,65.77,1,95.21,87.93,56.27,0
6.15,84.41,0,87.47,30.04,73.87,0
8.61,71.88,0,69.66,51.55,40.23,0
8.6,62.73,1,75.99,46.88,87.61,1
8.21,92.04,0,92.89,46.35,46.45,1
8.47,51.92,0,57.97,34.77,75.66,0
7.71,95.09,1,52.88,43.1,58.36,1
6.26,73.07,1,30.76,68.89,71.72,0
6.73,81.86,1,87.86,50.4,37.52,1
5.91,82.97,1,86.07,59.22,31.18,0
9.54,94.76,0,37.31,56.38,93.67,0
7.92,81.83,1,70.38,91.31,48.87,1
7.0,80.7,0,62.48,93.37,87.38,0
7.31,53.33,1,38.31,64.51,99.95,0
9.74,75.92,1,98.64,53.11,44.8,1
5.77,57.51,1,45.03,37.48,48.56,0
7.93,86.87,1,34.71,96.74,76.4,1
7.53,75.61,1,71.64,34.22,97.58,1
8.06,84.01,0,81.72,50.84,94.11,1
5.09,52.08,1,32.27,50.86,65.2,0
9.36,54.24,1,76.11,52.43,85.66,1
9.66,85.82,0,67.26,41.5,39.5,0
7.83,53.6,1,37.23,84.82,98.42,0
8.48,53.56,1,42.08,38.57,97.5,0
9.61,50.61,0,69.76,74.44,41.46,0
8.54,97.83,1,50.75,38.67,50.96,1
5.76,86.88,1,95.68,34.94,37.01,0
7.88,67.66,1,87.31,93.66,49.02,1
8.03,64.83,1,98.85,43.31,87.12,1
7.12,67.49,1,48.18,87.49,56.48,0
8.68,88.73,1,97.88,68.12,36.19,1
9.67,83.07,1,60.19,35.45,53.96,1
9.63,59.26,0,54.33,96.88,98.7,0
7.25,58.71,1,33.52,47.29,74.08,0
5.57,54.92,1,33.69,90.18,59.13,0
9.92,83.02,0,78.44,41.82,41.66,1
9.19,88.22,1,62.06,89.78,99.03,1
5.62,63.25,1,45.86,30.93,87.46,0
9.6,51.05,0,72.98,65.82,49.7,0
9.35,54.11,1,47.7,83.86,34.9,0
7.59,98.39,1,70.43,95.44,33.96,1
7.96,64.77,1,55.14,93.64,38.43,1
7.0,88.46,0,87.65,87.37,70.65,1
5.27,81.23,0,87.45,92.17,95.01,0
6.68,69.1,0,63.41,43.95,64.77,0
9.01,60.28,1,54.56,49.89,89.01,0
5.02,56.07,0,55.38,50.23,61.21,0
6.67,80.75,1,86.4,56.39,79.6,1
6.99,88.73,0,52.97,57.53,81.23,0
7.69,82.2,0,44.63,68.12,42.18,0
9.6,76.52,1,35.93,41.19,55.29,0
6.73,52.1,1,62.67,78.39,74.61,0
6.73,98.42,0,63.75,41.73,34.95,0
8.69,89.94,1,88.86,51.72,55.31,1
7.26,64.64,0,45.49,65.23,67.44,0
6.12,99.0,1,56.67,85.75,99.74,0
7.26,80.09,1,86.59,81.76,63.22,1
5.7,79.12,0,87.65,75.19,87.12,0
5.88,87.4,0,56.92,40.9,60.24,0
7.49,90.59,0,62.14,68.29,85.75,0
7.09,82.82,1,51.23,36.12,71.68,0
9.57,56.4,1,95.28,56.42,92.06,1
6.81,66.91,0,38.31,58.95,58.77,0
7.9,96.4,1,95.36,32.79,72.3,1
8.16,61.23,0,77.87,49.18,74.1,0
5.07,68.61,0,67.21,96.9,59.22,0
8.32,71.6,1,32.29,96.75,40.1,0
5.89,71.97,1,63.29,54.66,36.55,0
9.81,80.65,1,58.54,33.02,31.17,1
5.74,97.15,1,41.29,42.54,91.15,0
7.07,62.03,0,75.95,57.46,46.55,0
5.43,56.08,1,97.98,96.34,44.81,0
9.98,59.87,0,69.35,39.88,81.52,0
7.51,94.35,1,80.03,83.45,52.4,1
7.98,82.29,0,34.79,37.61,65.42,0
5.34,64.3,1,59.24,98.69,41.38,0
8.75,90.8,0,38.15,56.71,97.18,0
6.05,93.07,0,72.9,84.27,89.61,0
9.49,92.33,1,95.69,53.98,90.47,1
6.03,95.95,0,76.32,73.94,58.47,0
5.95,62.61,1,35.38,43.44,83.37,0
5.18,87.75,0,54.83,40.22,40.07,0
7.36,73.03,0,68.55,95.66,30.6,0
7.82,92.1,0,58.22,94.24,31.4,1
5.33,86.42,0,88.36,92.12,71.06,0
8.88,88.82,1,87.03,73.78,61.88,1
7.27,82.81,0,72.83,86.58,66.26,1
7.62,58.87,1,56.14,34.83,30.52,0
7.2,77.25,1,47.87,53.44,59.59,0
7.0,99.23,1,37.41,51.96,80.26,0
7.8,96.87,1,54.84,74.5,60.99,1
5.78,52.16,1,58.92,54.92,81.26,0
5.91,58.24,1,77.31,40.4,46.31,0
9.31,56.59,0,76.07,71.75,86.92,1
9.73,86.3,0,34.91,87.01,71.19,0
6.87,90.89,1,57.67,56.75,44.75,0
6.35,60.68,1,42.72,39.26,46.57,0
8.22,75.29,1,40.98,43.77,73.96,0
7.04,92.04,1,87.91,46.62,88.1,1
5.13,86.64,1,32.93,50.99,59.09,0
5.78,77.11,1,59.34,75.0,48.08,0
8.58,79.52,1,41.77,72.07,90.69,1
8.29,75.42,0,91.55,78.73,76.85,1
5.14,64.88,1,68.99,55.38,61.37,0
6.11,78.25,0,46.2,87.68,64.15,0
6.16,84.44,0,65.17,44.29,44.3,0
8.36,93.67,1,81.2,62.83,73.88,1
5.1,81.81,0,97.07,86.07,55.11,0
5.52,88.06,0,45.43,42.61,99.7,0
9.0,58.0,0,92.03,37.69,63.61,0
5.89,73.08,1,95.4,91.86,64.01,0
8.26,50.47,1,94.15,54.01,69.61,1
6.19,62.33,1,74.48,77.87,94.17,0
5.5,86.32,1,74.09,31.77,86.06,0
6.22,99.59,1,58.22,78.3,61.58,0
8.61,54.96,0,82.67,52.13,80.31,0
9.28,70.07,1,67.19,33.9,71.04,0
9.15,90.0,1,77.42,72.69,64.47,1
6.99,60.2,1,59.99,46.86,43.46,0
8.34,77.75,0,81.2,57.08,62.48,1
6.02,86.65,1,87.71,35.64,47.21,0
6.47,80.8,1,40.25,40.3,94.04,0
9.48,59.4,0,88.31,50.86,53.48,0
5.07,67.77,1,67.82,36.28,96.66,0
5.43,89.19,0,89.13,93.76,67.31,0
6.04,77.71,0,60.19,30.42,74.21,0
5.13,50.26,1,56.53,63.87,68.01,0
5.91,88.05,0,94.05,38.63,39.06,0
7.92,51.77,1,47.58,51.54,56.31,0
7.11,87.29,1,89.09,94.82,36.94,1
9.46,60.12,0,63.88,41.32,73.61,0
9.09,97.9,1,65.99,97.61,61.28,1
6.71,68.4,0,51.59,44.41,84.46,0
6.3,66.35,0,70.11,81.91,45.43,0
6.9,57.44,0,52.76,68.27,41.52,0
7.95,65.28,0,32.75,91.91,58.44,0
6.34,93.83,0,49.04,68.78,94.86,0
8.12,99.82,1,30.45,67.42,79.73,0
7.05,68.42,1,98.48,43.68,59.32,0
7.76,72.43,0,97.6,41.64,66.21,0
7.18,86.1,1,57.66,94.15,35.89,1
6.47,94.31,1,80.99,52.95,98.92,0
9.74,79.65,1,54.21,56.05,76.65,1
8.82,69.58,1,76.98,83.19,49.98,1
5.7,70.63,0,86.38,53.72,71.01,0
9.34,84.78,0,96.27,96.64,37.66,1
7.44,50.16,1,58.01,81.65,97.61,0
9.47,80.98,1,84.83,71.82,42.23,1
9.0,67.77,0,48.61,91.66,75.36,0
7.13,89.71,0,99.32,33.47,47.18,0
5.11,54.65,1,31.8,47.99,80.23,0
6.34,79.41,1,72.25,62.55,84.38,0
7.71,74.05,1,76.17,45.89,77.14,1
8.17,82.12,1,78.16,82.07,73.01,1
6.29,53.24,0,38.43,94.34,92.47,0
5.7,79.0,1,95.7,59.66,35.5,0
9.17,78.07,1,42.68,53.95,53.16,0
9.92,78.03,0,73.59,97.31,47.38,1
7.63,80.17,1,45.59,61.14,99.16,0
5.86,83.82,1,51.51,64.23,57.26,0
6.36,90.25,0,68.25,54.62,81.28,0
5.09,63.49,1,59.2,93.67,77.93,0
9.57,91.25,1,41.22,69.83,44.85,0
5.59,74.91,1,41.97,83.35,46.73,0
7.88,53.85,0,59.27,86.83,49.69,0
6.37,52.93,0,83.01,53.93,58.78,0
7.77,66.71,1,92.86,60.36,46.4,1
8.26,89.24,0,35.89,89.39,31.38,0
9.15,85.38,1,57.52,55.43,91.56,1
6.03,89.43,1,37.02,85.58,97.59,0
5.05,75.86,0,31.16,95.87,53.91,0
5.68,72.01,1,76.32,73.62,53.7,0
9.5,57.37,1,72.17,81.91,30.5,1
9.37,66.41,0,41.41,86.36,77.62,0
7.99,71.7,1,46.37,89.15,87.78,0
8.0,54.43,1,31.66,57.65,40.26,0
8.33,61.03,1,88.45,33.59,41.18,1
5.88,79.91,1,98.23,58.13,85.31,0
9.57,86.78,1,39.48,77.16,73.14,1
7.09,99.92,1,46.2,61.52,33.14,0
6.92,96.66,1,90.79,82.43,73.58,1
7.59,82.13,1,94.85,54.99,51.62,1
5.23,71.06,1,59.37,74.43,55.81,0
5.83,81.81,0,33.54,43.05,83.88,0
8.69,89.28,1,32.76,82.46,86.77,1
5.41,55.92,0,70.18,68.2,58.02,0
8.02,70.5,0,57.5,44.28,96.3,0
6.23,91.99,0,32.01,50.43,58.45,0
6.95,69.19,1,70.83,82.4,84.03,1
6.44,78.59,1,30.79,63.78,63.87,0
6.78,79.39,1,85.12,45.12,92.83,1
8.6,59.22,1,51.45,97.71,93.54,1
6.49,68.11,1,32.82,80.06,36.12,0
7.83,66.73,1,71.18,97.0,95.55,1
7.38,51.31,1,57.84,59.9,87.79,0
8.32,51.21,0,98.17,63.26,85.39,0
9.68,91.58,0,68.09,92.86,44.06,1
8.66,63.65,1,49.27,66.75,86.36,0
6.07,75.9,1,79.66,79.51,89.51,1
5.16,64.94,0,49.0,47.65,50.24,0
6.31,97.03,0,93.3,61.27,96.66,0
7.98,62.96,1,56.23,38.64,33.49,0
5.26,71.48,0,68.49,44.42,40.49,0
7.48,93.64,1,33.54,30.07,67.63,0
7.98,92.1,1,59.83,32.75,70.31,1
6.67,59.31,1,88.27,98.41,75.16,1
8.85,90.13,0,86.4,46.96,31.19,1
5.53,72.91,1,45.7,76.43,97.23,0
5.38,74.15,1,45.83,88.74,33.12,0
8.64,56.67,1,87.21,68.55,40.01,1
7.48,54.03,1,95.13,40.72,30.98,0
8.44,86.4,0,36.68,80.97,69.68,0
7.17,74.82,1,61.5,72.02,95.26,0
6.23,71.84,1,53.62,81.19,76.62,0
9.1,86.48,1,90.95,83.88,87.59,1
9.0,88.28,0,35.85,98.28,30.93,0
8.47,57.95,1,44.78,70.15,67.94,0
6.36,80.51,1,82.67,53.91,62.17,0
7.95,56.77,0,33.59,75.39,64.93,0
6.8,87.57,0,64.48,34.79,35.05,0
5.46,82.85,1,60.95,92.82,77.91,0
9.59,97.83,0,53.41,38.36,65.23,0
5.68,53.45,0,57.62,52.95,83.56,0
9.75,52.85,0,67.1,87.1,63.97,0
7.23,64.11,1,41.3,71.81,40.46,0
